"TS_PCODE","TS","baseline","precise_only","knn4"
"MMR001001","Myitkyina","Not significant","Not significant","Hot spot"
"MMR001002","Waingmaw","Not significant","Not significant","Not significant"
"MMR001003","Injangyang","Not significant","Not significant","Not significant"
"MMR001004","Tanai","Not significant","Not significant","Not significant"
"MMR001005","Chipwi","Not significant","Not significant","Not significant"
"MMR001006","Tsawlaw","Not significant","Cold spot","Not significant"
"MMR001007","Mohnyin","Not significant","Not significant","Not significant"
"MMR001008","Mogaung","Not significant","Not significant","Hot spot"
"MMR001009","Hpakant","Not significant","Not significant","Not significant"
"MMR001010","Bhamo","Not significant","Not significant","Not significant"
"MMR001011","Shwegu","Not significant","Not significant","Not significant"
"MMR001012","Momauk","Not significant","Not significant","Not significant"
"MMR001013","Mansi","Not significant","Not significant","Not significant"
"MMR001014","Puta-O","Not significant","Cold spot","Cold spot"
"MMR001015","Sumprabum","Not significant","Not significant","Cold spot"
"MMR001016","Machanbaw","Not significant","Cold spot","Not significant"
"MMR001017","Nawngmun","Not significant","Not significant","Not significant"
"MMR001018","Khaunglanhpu","Cold spot","Cold spot","Cold spot"
"MMR002001","Loikaw","Not significant","Not significant","Not significant"
"MMR002002","Demoso","Not significant","Not significant","Not significant"
"MMR002003","Hpruso","Not significant","Not significant","Not significant"
"MMR002004","Shadaw","Not significant","Not significant","Not significant"
"MMR002005","Bawlake","Not significant","Not significant","Not significant"
"MMR002006","Hpasawng","Not significant","Not significant","Not significant"
"MMR002007","Mese","Not significant","Not significant","Not significant"
"MMR003001","Hpa-An","Not significant","Not significant","Not significant"
"MMR003002","Hlaingbwe","Hot spot","Hot spot","Hot spot"
"MMR003003","Hpapun","Not significant","Not significant","Not significant"
"MMR003004","Thandaunggyi","Not significant","Not significant","Not significant"
"MMR003005","Myawaddy","Hot spot","Not significant","Not significant"
"MMR003006","Kawkareik","Not significant","Not significant","Not significant"
"MMR003007","Kyainseikgyi","Hot spot","Hot spot","Not significant"
"MMR004001","Falam","Not significant","Not significant","Not significant"
"MMR004002","Hakha","Not significant","Hot spot","Not significant"
"MMR004003","Thantlang","Not significant","Not significant","Not significant"
"MMR004004","Tedim","Not significant","Not significant","Not significant"
"MMR004005","Tonzang","Not significant","Hot spot","Not significant"
"MMR004006","Mindat","Not significant","Not significant","Not significant"
"MMR004007","Matupi","Not significant","Not significant","Not significant"
"MMR004008","Kanpetlet","Not significant","Not significant","Not significant"
"MMR004009","Paletwa","Not significant","Not significant","Not significant"
"MMR005001","Sagaing","Hot spot","Not significant","Not significant"
"MMR005002","Myinmu","Hot spot","Hot spot","Hot spot"
"MMR005003","Myaung","Hot spot","Hot spot","Hot spot"
"MMR005004","Shwebo","Hot spot","Hot spot","Hot spot"
"MMR005005","Khin-U","Hot spot","Hot spot","Hot spot"
"MMR005006","Wetlet","Hot spot","Hot spot","Hot spot"
"MMR005007","Kanbalu","Hot spot","Hot spot","Not significant"
"MMR005008","Kyunhla","Not significant","Not significant","Not significant"
"MMR005009","Ye-U","Hot spot","Hot spot","Hot spot"
"MMR005010","Tabayin","Hot spot","Hot spot","Not significant"
"MMR005011","Taze","Not significant","Not significant","Not significant"
"MMR005012","Monywa","Hot spot","Hot spot","Hot spot"
"MMR005013","Budalin","Hot spot","Hot spot","Hot spot"
"MMR005014","Ayadaw","Hot spot","Hot spot","Hot spot"
"MMR005015","Chaung-U","Hot spot","Hot spot","Hot spot"
"MMR005016","Yinmarbin","Hot spot","Hot spot","Hot spot"
"MMR005017","Kani","Hot spot","Hot spot","Hot spot"
"MMR005018","Salingyi","Hot spot","Hot spot","Hot spot"
"MMR005019","Pale","Hot spot","Hot spot","Hot spot"
"MMR005020","Katha","Not significant","Not significant","Not significant"
"MMR005021","Indaw","Not significant","Not significant","Not significant"
"MMR005022","Tigyaing","Not significant","Not significant","Not significant"
"MMR005023","Banmauk","Not significant","Not significant","Not significant"
"MMR005024","Kawlin","Not significant","Not significant","Not significant"
"MMR005025","Wuntho","Not significant","Not significant","Not significant"
"MMR005026","Pinlebu","Not significant","Not significant","Not significant"
"MMR005027","Kale","Not significant","Not significant","Not significant"
"MMR005028","Kalewa","Not significant","Not significant","Not significant"
"MMR005029","Mingin","Hot spot","Hot spot","Hot spot"
"MMR005030","Tamu","Not significant","Not significant","Not significant"
"MMR005031","Mawlaik","Not significant","Not significant","Not significant"
"MMR005032","Paungbyin","Not significant","Not significant","Not significant"
"MMR005033","Hkamti","Not significant","Not significant","Not significant"
"MMR005034","Homalin","Not significant","Not significant","Not significant"
"MMR005035","Layshi","Not significant","Not significant","Not significant"
"MMR005036","Lahe","Not significant","Cold spot","Not significant"
"MMR005037","Nanyun","Not significant","Cold spot","Not significant"
"MMR006001","Dawei","Hot spot","Hot spot","Hot spot"
"MMR006002","Launglon","Not significant","Not significant","Hot spot"
"MMR006003","Thayetchaung","Hot spot","Hot spot","Hot spot"
"MMR006004","Yebyu","Hot spot","Hot spot","Hot spot"
"MMR006005","Myeik","Not significant","Not significant","Not significant"
"MMR006006","Kyunsu","Not significant","Not significant","Not significant"
"MMR006007","Palaw","Not significant","Not significant","Not significant"
"MMR006008","Tanintharyi","Not significant","Not significant","Not significant"
"MMR006009","Kawthoung","Not significant","Not significant","Not significant"
"MMR006010","Bokpyin","Not significant","Not significant","Not significant"
"MMR007001","Bago","Not significant","Not significant","Not significant"
"MMR007002","Thanatpin","Not significant","Not significant","Not significant"
"MMR007003","Kawa","Not significant","Not significant","Not significant"
"MMR007004","Waw","Not significant","Not significant","Not significant"
"MMR007005","Nyaunglebin","Not significant","Not significant","Not significant"
"MMR007006","Kyauktaga","Not significant","Not significant","Not significant"
"MMR007007","Daik-U","Not significant","Not significant","Not significant"
"MMR007008","Shwegyin","Hot spot","Hot spot","Hot spot"
"MMR007009","Taungoo","Not significant","Not significant","Not significant"
"MMR007010","Yedashe","Not significant","Not significant","Not significant"
"MMR007011","Kyaukkyi","Not significant","Not significant","Not significant"
"MMR007012","Phyu","Not significant","Not significant","Not significant"
"MMR007013","Oktwin","Not significant","Not significant","Not significant"
"MMR007014","Htantabin","Not significant","Not significant","Not significant"
"MMR008001","Pyay","Not significant","Not significant","Not significant"
"MMR008002","Paukkhaung","Not significant","Not significant","Not significant"
"MMR008003","Padaung","Not significant","Not significant","Not significant"
"MMR008004","Paungde","Not significant","Not significant","Not significant"
"MMR008005","Thegon","Not significant","Not significant","Not significant"
"MMR008006","Shwedaung","Not significant","Not significant","Not significant"
"MMR008007","Thayarwady","Not significant","Not significant","Not significant"
"MMR008008","Letpadan","Not significant","Not significant","Not significant"
"MMR008009","Minhla","Not significant","Not significant","Not significant"
"MMR008010","Okpho","Not significant","Not significant","Not significant"
"MMR008011","Zigon","Not significant","Not significant","Not significant"
"MMR008012","Nattalin","Not significant","Not significant","Not significant"
"MMR008013","Monyo","Not significant","Not significant","Not significant"
"MMR008014","Gyobingauk","Not significant","Not significant","Not significant"
"MMR009001","Magway","Not significant","Not significant","Not significant"
"MMR009002","Yenangyaung","Not significant","Not significant","Not significant"
"MMR009003","Chauk","Not significant","Not significant","Not significant"
"MMR009004","Taungdwingyi","Cold spot","Cold spot","Not significant"
"MMR009005","Myothit","Not significant","Not significant","Not significant"
"MMR009006","Natmauk","Not significant","Not significant","Not significant"
"MMR009007","Minbu","Not significant","Not significant","Not significant"
"MMR009008","Pwintbyu","Not significant","Not significant","Not significant"
"MMR009009","Ngape","Not significant","Not significant","Not significant"
"MMR009010","Salin","Not significant","Not significant","Not significant"
"MMR009011","Sidoktaya","Not significant","Not significant","Not significant"
"MMR009012","Thayet","Not significant","Not significant","Not significant"
"MMR009013","Minhla","Not significant","Not significant","Not significant"
"MMR009014","Mindon","Not significant","Not significant","Not significant"
"MMR009015","Kamma","Not significant","Not significant","Not significant"
"MMR009016","Aunglan","Not significant","Not significant","Not significant"
"MMR009017","Sinbaungwe","Not significant","Not significant","Not significant"
"MMR009018","Pakokku","Hot spot","Hot spot","Hot spot"
"MMR009019","Yesagyo","Hot spot","Hot spot","Hot spot"
"MMR009020","Myaing","Hot spot","Hot spot","Hot spot"
"MMR009021","Pauk","Hot spot","Hot spot","Hot spot"
"MMR009022","Seikphyu","Hot spot","Not significant","Hot spot"
"MMR009023","Gangaw","Hot spot","Hot spot","Not significant"
"MMR009024","Tilin","Not significant","Not significant","Hot spot"
"MMR009025","Saw","Not significant","Not significant","Not significant"
"MMR010001","Aungmyaythazan","Not significant","Not significant","Not significant"
"MMR010002","Chanayethazan","Not significant","Not significant","Not significant"
"MMR010003","Mahaaungmyay","Not significant","Not significant","Not significant"
"MMR010004","Chanmyathazi","Not significant","Not significant","Not significant"
"MMR010005","Pyigyitagon","Not significant","Not significant","Not significant"
"MMR010006","Amarapura","Not significant","Not significant","Not significant"
"MMR010007","Patheingyi","Not significant","Hot spot","Not significant"
"MMR010008","Pyinoolwin","Not significant","Hot spot","Not significant"
"MMR010009","Madaya","Hot spot","Hot spot","Not significant"
"MMR010010","Singu","Hot spot","Hot spot","Hot spot"
"MMR010011","Mogoke","Hot spot","Hot spot","Not significant"
"MMR010012","Thabeikkyin","Hot spot","Hot spot","Not significant"
"MMR010013","Kyaukse","Not significant","Not significant","Not significant"
"MMR010014","Sintgaing","Not significant","Not significant","Not significant"
"MMR010015","Myittha","Not significant","Not significant","Not significant"
"MMR010016","Tada-U","Not significant","Not significant","Not significant"
"MMR010017","Myingyan","Hot spot","Hot spot","Hot spot"
"MMR010018","Taungtha","Hot spot","Hot spot","Not significant"
"MMR010019","Natogyi","Not significant","Not significant","Not significant"
"MMR010020","Kyaukpadaung","Not significant","Not significant","Not significant"
"MMR010021","Ngazun","Hot spot","Hot spot","Hot spot"
"MMR010022","Nyaung-U","Not significant","Not significant","Not significant"
"MMR010023","Yamethin","Not significant","Not significant","Cold spot"
"MMR010024","Pyawbwe","Not significant","Not significant","Not significant"
"MMR010028","Meiktila","Not significant","Not significant","Not significant"
"MMR010029","Mahlaing","Not significant","Not significant","Not significant"
"MMR010030","Thazi","Not significant","Not significant","Not significant"
"MMR010031","Wundwin","Not significant","Not significant","Not significant"
"MMR011001","Mawlamyine","Not significant","Not significant","Not significant"
"MMR011002","Kyaikmaraw","Not significant","Not significant","Not significant"
"MMR011003","Chaungzon","Not significant","Not significant","Not significant"
"MMR011004","Thanbyuzayat","Not significant","Not significant","Not significant"
"MMR011005","Mudon","Not significant","Not significant","Not significant"
"MMR011006","Ye","Not significant","Not significant","Not significant"
"MMR011007","Thaton","Not significant","Not significant","Not significant"
"MMR011008","Paung","Not significant","Not significant","Not significant"
"MMR011009","Kyaikto","Not significant","Not significant","Not significant"
"MMR011010","Bilin","Not significant","Not significant","Not significant"
"MMR012001","Sittwe","Not significant","Not significant","Not significant"
"MMR012002","Ponnagyun","Not significant","Not significant","Not significant"
"MMR012003","Mrauk-U","Not significant","Not significant","Not significant"
"MMR012004","Kyauktaw","Not significant","Not significant","Not significant"
"MMR012005","Minbya","Not significant","Not significant","Not significant"
"MMR012006","Myebon","Not significant","Not significant","Not significant"
"MMR012007","Pauktaw","Not significant","Not significant","Not significant"
"MMR012008","Rathedaung","Not significant","Not significant","Not significant"
"MMR012009","Maungdaw","Not significant","Not significant","Not significant"
"MMR012010","Buthidaung","Not significant","Not significant","Not significant"
"MMR012011","Kyaukpyu","Not significant","Not significant","Not significant"
"MMR012012","Munaung","Not significant","Not significant","Not significant"
"MMR012013","Ramree","Not significant","Not significant","Not significant"
"MMR012014","Ann","Not significant","Not significant","Not significant"
"MMR012015","Thandwe","Not significant","Not significant","Not significant"
"MMR012016","Toungup","Not significant","Not significant","Not significant"
"MMR012017","Gwa","Not significant","Not significant","Not significant"
"MMR013001","Insein","Not significant","Not significant","Not significant"
"MMR013002","Mingaladon","Not significant","Not significant","Not significant"
"MMR013003","Hmawbi","Not significant","Not significant","Not significant"
"MMR013004","Hlegu","Not significant","Not significant","Not significant"
"MMR013005","Taikkyi","Cold spot","Cold spot","Not significant"
"MMR013006","Htantabin","Not significant","Not significant","Not significant"
"MMR013007","Shwepyithar","Not significant","Not significant","Not significant"
"MMR013009","Thingangyun","Not significant","Not significant","Not significant"
"MMR013010","Yankin","Not significant","Not significant","Not significant"
"MMR013011","South Okkalapa","Not significant","Not significant","Not significant"
"MMR013012","North Okkalapa","Not significant","Not significant","Not significant"
"MMR013013","Thaketa","Not significant","Not significant","Not significant"
"MMR013014","Dawbon","Not significant","Not significant","Not significant"
"MMR013015","Tamwe","Not significant","Not significant","Not significant"
"MMR013016","Pazundaung","Not significant","Not significant","Cold spot"
"MMR013017","Botahtaung","Cold spot","Not significant","Cold spot"
"MMR013018","Dagon Myothit (South)","Not significant","Not significant","Not significant"
"MMR013019","Dagon Myothit (North)","Not significant","Not significant","Not significant"
"MMR013020","Dagon Myothit (East)","Not significant","Not significant","Not significant"
"MMR013021","Dagon Myothit (Seikkan)","Not significant","Not significant","Not significant"
"MMR013022","Mingalartaungnyunt","Cold spot","Cold spot","Cold spot"
"MMR013023","Thanlyin","Cold spot","Cold spot","Not significant"
"MMR013024","Kyauktan","Not significant","Not significant","Not significant"
"MMR013025","Thongwa","Not significant","Not significant","Not significant"
"MMR013026","Kayan","Not significant","Cold spot","Not significant"
"MMR013027","Twantay","Cold spot","Not significant","Not significant"
"MMR013028","Kawhmu","Not significant","Not significant","Cold spot"
"MMR013029","Kungyangon","Not significant","Not significant","Cold spot"
"MMR013030","Dala","Not significant","Not significant","Cold spot"
"MMR013031","Seikgyikanaungto","Not significant","Not significant","Cold spot"
"MMR013032","Cocokyun","Not significant","Not significant","Cold spot"
"MMR013033","Kyauktada","Cold spot","Not significant","Cold spot"
"MMR013034","Pabedan","Cold spot","Cold spot","Cold spot"
"MMR013035","Lanmadaw","Cold spot","Cold spot","Cold spot"
"MMR013036","Latha","Cold spot","Not significant","Cold spot"
"MMR013037","Ahlone","Not significant","Not significant","Cold spot"
"MMR013038","Kyeemyindaing","Not significant","Not significant","Not significant"
"MMR013039","Sanchaung","Not significant","Not significant","Not significant"
"MMR013040","Hlaing","Not significant","Not significant","Not significant"
"MMR013041","Kamaryut","Not significant","Not significant","Not significant"
"MMR013042","Mayangone","Not significant","Not significant","Not significant"
"MMR013043","Dagon","Cold spot","Not significant","Cold spot"
"MMR013044","Bahan","Not significant","Not significant","Cold spot"
"MMR013046","Hlaingtharya (East)","Not significant","Not significant","Not significant"
"MMR013047","Hlaingtharya (West)","Not significant","Not significant","Not significant"
"MMR014001","Taunggyi","Not significant","Not significant","Not significant"
"MMR014002","Nyaungshwe","Not significant","Not significant","Not significant"
"MMR014003","Hopong","Not significant","Not significant","Cold spot"
"MMR014004","Hsihseng","Not significant","Not significant","Not significant"
"MMR014005","Kalaw","Not significant","Not significant","Not significant"
"MMR014006","Pindaya","Not significant","Not significant","Not significant"
"MMR014007","Ywangan","Not significant","Not significant","Not significant"
"MMR014008","Lawksawk","Not significant","Not significant","Not significant"
"MMR014009","Pinlaung","Not significant","Not significant","Not significant"
"MMR014010","Pekon","Not significant","Not significant","Not significant"
"MMR014011","Loilen","Not significant","Not significant","Not significant"
"MMR014012","Laihka","Not significant","Cold spot","Cold spot"
"MMR014013","Nansang","Cold spot","Cold spot","Cold spot"
"MMR014014","Kunhing","Cold spot","Cold spot","Cold spot"
"MMR014015","Kyethi","Not significant","Not significant","Not significant"
"MMR014016","Mongkaing","Not significant","Not significant","Not significant"
"MMR014017","Monghsu","Cold spot","Cold spot","Cold spot"
"MMR014018","Langkho","Cold spot","Cold spot","Cold spot"
"MMR014019","Mongnai","Cold spot","Cold spot","Cold spot"
"MMR014020","Mawkmai","Not significant","Not significant","Not significant"
"MMR014021","Mongpan","Cold spot","Cold spot","Cold spot"
"MMR015001","Lashio","Not significant","Not significant","Not significant"
"MMR015002","Hseni","Not significant","Not significant","Not significant"
"MMR015003","Mongyai","Not significant","Not significant","Not significant"
"MMR015004","Tangyan","Not significant","Not significant","Not significant"
"MMR015005","Pangsang (Panghkam)","Cold spot","Cold spot","Cold spot"
"MMR015006","Narphan","Cold spot","Cold spot","Cold spot"
"MMR015007","Pangwaun","Cold spot","Cold spot","Cold spot"
"MMR015008","Mongmao","Cold spot","Cold spot","Cold spot"
"MMR015009","Muse","Not significant","Not significant","Not significant"
"MMR015010","Namhkan","Not significant","Not significant","Not significant"
"MMR015011","Kutkai","Not significant","Not significant","Not significant"
"MMR015012","Kyaukme","Not significant","Not significant","Not significant"
"MMR015013","Nawnghkio","Not significant","Not significant","Not significant"
"MMR015014","Hsipaw","Not significant","Not significant","Not significant"
"MMR015015","Namtu","Not significant","Not significant","Not significant"
"MMR015016","Namhsan","Not significant","Not significant","Not significant"
"MMR015017","Mongmit","Not significant","Not significant","Not significant"
"MMR015018","Mabein","Not significant","Not significant","Not significant"
"MMR015019","Manton","Not significant","Not significant","Not significant"
"MMR015020","Kunlong","Not significant","Not significant","Not significant"
"MMR015021","Hopang","Not significant","Not significant","Not significant"
"MMR015022","Laukkaing","Not significant","Not significant","Not significant"
"MMR015023","Konkyan","Not significant","Not significant","Not significant"
"MMR015024","Matman","Cold spot","Cold spot","Cold spot"
"MMR016001","Kengtung","Cold spot","Cold spot","Cold spot"
"MMR016002","Mongkhet","Cold spot","Cold spot","Cold spot"
"MMR016003","Mongyang","Cold spot","Cold spot","Cold spot"
"MMR016005","Mongla","Cold spot","Cold spot","Cold spot"
"MMR016006","Monghsat","Cold spot","Cold spot","Cold spot"
"MMR016007","Mongping","Cold spot","Cold spot","Cold spot"
"MMR016008","Mongton","Cold spot","Cold spot","Cold spot"
"MMR016009","Tachileik","Cold spot","Cold spot","Cold spot"
"MMR016010","Monghpyak","Cold spot","Cold spot","Cold spot"
"MMR016011","Mongyawng","Cold spot","Cold spot","Cold spot"
"MMR017001","Pathein","Not significant","Not significant","Cold spot"
"MMR017002","Kangyidaunt","Not significant","Not significant","Not significant"
"MMR017003","Thabaung","Not significant","Not significant","Not significant"
"MMR017004","Ngapudaw","Not significant","Not significant","Cold spot"
"MMR017005","Kyonpyaw","Cold spot","Not significant","Not significant"
"MMR017006","Yegyi","Not significant","Not significant","Not significant"
"MMR017007","Kyaunggon","Cold spot","Cold spot","Not significant"
"MMR017008","Hinthada","Not significant","Not significant","Not significant"
"MMR017009","Zalun","Not significant","Not significant","Not significant"
"MMR017010","Lemyethna","Not significant","Not significant","Not significant"
"MMR017011","Myanaung","Not significant","Not significant","Not significant"
"MMR017012","Kyangin","Not significant","Not significant","Not significant"
"MMR017013","Ingapu","Not significant","Not significant","Not significant"
"MMR017014","Myaungmya","Cold spot","Cold spot","Cold spot"
"MMR017015","Einme","Cold spot","Cold spot","Cold spot"
"MMR017016","Labutta","Cold spot","Cold spot","Cold spot"
"MMR017017","Wakema","Cold spot","Cold spot","Cold spot"
"MMR017018","Mawlamyinegyun","Cold spot","Cold spot","Cold spot"
"MMR017019","Maubin","Cold spot","Cold spot","Cold spot"
"MMR017020","Pantanaw","Cold spot","Cold spot","Cold spot"
"MMR017021","Nyaungdon","Cold spot","Cold spot","Cold spot"
"MMR017022","Danubyu","Cold spot","Cold spot","Cold spot"
"MMR017023","Pyapon","Cold spot","Not significant","Cold spot"
"MMR017024","Bogale","Not significant","Not significant","Cold spot"
"MMR017025","Kyaiklat","Cold spot","Cold spot","Cold spot"
"MMR017026","Dedaye","Not significant","Not significant","Cold spot"
"MMR018001","Zay Yar Thi Ri","Not significant","Not significant","Not significant"
"MMR018002","Za Bu Thi Ri","Cold spot","Cold spot","Not significant"
"MMR018003","Tatkon","Cold spot","Cold spot","Cold spot"
"MMR018004","Det Khi Na Thi Ri","Not significant","Cold spot","Not significant"
"MMR018005","Poke Ba Thi Ri","Cold spot","Cold spot","Cold spot"
"MMR018006","Pyinmana","Not significant","Not significant","Not significant"
"MMR018007","Lewe","Not significant","Not significant","Not significant"
"MMR018008","Oke Ta Ra Thi Ri","Cold spot","Cold spot","Cold spot"
