"TS_PCODE","TS","ST","moran_I","moran_p","moran_q","lisa","gi_z","gi_p","gi_q","hotspot"
"MMR001001","Myitkyina","Kachin",0.0424745458894108,0.5154,0.711545454545455,"Not significant",0.594264793517665,0.5172,0.71115,"Not significant"
"MMR001002","Waingmaw","Kachin",0.0219256815545421,0.829,0.896950819672131,"Not significant",0.612225335882642,0.8334,0.898764705882353,"Not significant"
"MMR001003","Injangyang","Kachin",0.135278422121209,0.7548,0.858910344827586,"Not significant",-0.702464303970407,0.733,0.842822299651568,"Not significant"
"MMR001004","Tanai","Kachin",-0.0299934563421742,0.7374,0.850846153846154,"Not significant",0.110522756627215,0.722,0.833076923076923,"Not significant"
"MMR001005","Chipwi","Kachin",0.0238131780366001,0.881,0.928849840255591,"Not significant",-0.371978745763777,0.8858,0.930936305732484,"Not significant"
"MMR001006","Tsawlaw","Kachin",0.478388378976034,0.072,0.218587155963303,"Not significant",-1.40579823663863,0.068,0.212055555555556,"Not significant"
"MMR001007","Mohnyin","Kachin",0.172700422051697,0.133,0.322720588235294,"Not significant",1.67535772967566,0.1188,0.308692913385827,"Not significant"
"MMR001008","Mogaung","Kachin",-0.388417394034844,0.1138,0.300432,"Not significant",1.44013440830891,0.1098,0.297,"Not significant"
"MMR001009","Hpakant","Kachin",-0.620581190542883,0.817,0.889480263157895,"Not significant",1.03649339829534,0.809,0.886943521594684,"Not significant"
"MMR001010","Bhamo","Kachin",0.110256682082599,0.62,0.769182156133829,"Not significant",0.620278662642583,0.6178,0.775186311787072,"Not significant"
"MMR001011","Shwegu","Kachin",0.0649995347686815,0.552,0.731566265060241,"Not significant",0.597835711210326,0.526,0.71419512195122,"Not significant"
"MMR001012","Momauk","Kachin",0.594927434079317,0.3214,0.543907692307692,"Not significant",1.43567128662467,0.3094,0.539968911917099,"Not significant"
"MMR001013","Mansi","Kachin",-0.0230294755149117,0.6266,0.769182156133829,"Not significant",0.253030366478384,0.6432,0.775379562043796,"Not significant"
"MMR001014","Puta-O","Kachin",0.315486226839333,0.1018,0.277636363636364,"Not significant",-1.35601132686659,0.1052,0.286909090909091,"Not significant"
"MMR001015","Sumprabum","Kachin",0.276100021359306,0.1932,0.419725490196078,"Not significant",-1.3229888668372,0.1928,0.427006711409396,"Not significant"
"MMR001016","Machanbaw","Kachin",0.532357524775179,0.064,0.203076923076923,"Not significant",-1.55238868097309,0.0732,0.2196,"Not significant"
"MMR001017","Nawngmun","Kachin",0.556314157858996,0.0862,0.24735652173913,"Not significant",-1.44565633749164,0.0858,0.246208695652174,"Not significant"
"MMR001018","Khaunglanhpu","Kachin",0.549396150297634,0.0098,0.0539,"Low–low",-1.79131848216899,0.0076,0.0473207547169811,"Cold spot"
"MMR002001","Loikaw","Kayah",0.525906126270615,0.3296,0.54813,"Not significant",1.42919061585133,0.3224,0.54186,"Not significant"
"MMR002002","Demoso","Kayah",1.79916532647409,0.1248,0.3168,"Not significant",2.47334707821015,0.1356,0.329029411764706,"Not significant"
"MMR002003","Hpruso","Kayah",0.181797672728723,0.1386,0.33385401459854,"Not significant",1.59144637916569,0.1444,0.342820143884892,"Not significant"
"MMR002004","Shadaw","Kayah",0.0455114278499022,0.9912,0.995215805471125,"Not significant",-0.394208603913168,0.9996,0.9996,"Not significant"
"MMR002005","Bawlake","Kayah",-0.113646141654212,0.3548,0.571141463414634,"Not significant",0.739120198787206,0.3612,0.575826086956522,"Not significant"
"MMR002006","Hpasawng","Kayah",-0.0842037033988585,0.5582,0.735466135458167,"Not significant",0.29383573271885,0.569,0.745119047619048,"Not significant"
"MMR002007","Mese","Kayah",-0.213501098805528,0.5206,0.711545454545455,"Not significant",0.136212040112054,0.5234,0.713727272727273,"Not significant"
"MMR003001","Hpa-An","Kayin",0.0456150503092373,0.0458,0.175744186046512,"High–high",2.17537229425637,0.0512,0.18567032967033,"Not significant"
"MMR003002","Hlaingbwe","Kayin",-1.00721779529284,0.0024,0.0232941176470588,"Low–high",3.34365580663668,0.0034,0.0295263157894737,"Hot spot"
"MMR003003","Hpapun","Kayin",0.657171261522794,0.2628,0.497828571428571,"Not significant",1.63686404540514,0.2536,0.483745664739884,"Not significant"
"MMR003004","Thandaunggyi","Kayin",0.108496564889132,0.0944,0.264,"Not significant",1.79098760198035,0.1008,0.2772,"Not significant"
"MMR003005","Myawaddy","Kayin",3.42292448158667,0.039,0.156951219512195,"High–high",3.36720934050888,0.0418,0.164214285714286,"Hot spot"
"MMR003006","Kawkareik","Kayin",2.16130471722974,0.2158,0.4450875,"Not significant",2.74215770714684,0.216,0.451139240506329,"Not significant"
"MMR003007","Kyainseikgyi","Kayin",1.13851829037194,0.0184,0.0855211267605634,"High–high",3.07933021179399,0.017,0.0801428571428572,"Hot spot"
"MMR004001","Falam","Chin",0.131118169511782,0.1058,0.286180327868853,"Not significant",1.6699851750472,0.1136,0.299904,"Not significant"
"MMR004002","Hakha","Chin",0.257323564646147,0.054,0.187578947368421,"Not significant",2.20964767770875,0.0538,0.188571428571429,"Not significant"
"MMR004003","Thantlang","Chin",-0.048898421551087,0.6182,0.769182156133829,"Not significant",0.195999191391564,0.6156,0.775186311787072,"Not significant"
"MMR004004","Tedim","Chin",-0.0374429440751142,0.1234,0.3168,"Not significant",1.53373670127059,0.1222,0.312604651162791,"Not significant"
"MMR004005","Tonzang","Chin",-0.859962858121144,0.052,0.186521739130435,"Not significant",1.69815136728924,0.0542,0.188571428571429,"Not significant"
"MMR004006","Mindat","Chin",0.135829877706634,0.6518,0.78216,"Not significant",0.683526980315306,0.6438,0.775379562043796,"Not significant"
"MMR004007","Matupi","Chin",0.0969832680311856,0.286,0.524353591160221,"Not significant",1.06640906883585,0.2966,0.534852459016393,"Not significant"
"MMR004008","Kanpetlet","Chin",-0.0253227871878615,0.6006,0.765498069498069,"Not significant",0.328520294023247,0.5974,0.7700859375,"Not significant"
"MMR004009","Paletwa","Chin",0.0165367786133818,0.6008,0.765498069498069,"Not significant",0.440189721433243,0.61,0.771264367816092,"Not significant"
"MMR005001","Sagaing","Sagaing",2.10041429115606,0.0314,0.131164556962025,"High–high",3.11301315525714,0.0346,0.142725,"Hot spot"
"MMR005002","Myinmu","Sagaing",3.1492506906169,4e-04,0.00733333333333333,"High–high",4.91063440952282,6e-04,0.00860869565217391,"Hot spot"
"MMR005003","Myaung","Sagaing",2.46141341187218,0.0012,0.0141428571428571,"High–high",4.3478488687092,0.0022,0.022,"Hot spot"
"MMR005004","Shwebo","Sagaing",3.88025833686856,0.0226,0.102164383561644,"High–high",3.81533883927111,0.0222,0.100356164383562,"Hot spot"
"MMR005005","Khin-U","Sagaing",3.19099091041899,0.0058,0.039875,"High–high",4.0152851338494,0.0062,0.0454666666666667,"Hot spot"
"MMR005006","Wetlet","Sagaing",3.02734619339079,8e-04,0.011,"High–high",4.7971238187545,4e-04,0.00628571428571429,"Hot spot"
"MMR005007","Kanbalu","Sagaing",1.68050887661562,0.0516,0.186521739130435,"Not significant",2.8400234329782,0.048,0.18225,"Hot spot"
"MMR005008","Kyunhla","Sagaing",-0.0809402369318846,0.4306,0.6459,"Not significant",0.602555485440821,0.4318,0.638986547085202,"Not significant"
"MMR005009","Ye-U","Sagaing",1.67378768224961,0.0012,0.0141428571428571,"High–high",4.29693872905646,8e-04,0.011,"Hot spot"
"MMR005010","Tabayin","Sagaing",1.13848479925519,0.0036,0.0304615384615385,"High–high",3.81525720860857,0.0026,0.0252352941176471,"Hot spot"
"MMR005011","Taze","Sagaing",0.840202931986502,0.1502,0.351531914893617,"Not significant",1.92215155020668,0.1464,0.345085714285714,"Not significant"
"MMR005012","Monywa","Sagaing",5.90520127136987,0.0056,0.039875,"High–high",4.76874617106242,0.0082,0.0483214285714286,"Hot spot"
"MMR005013","Budalin","Sagaing",1.91279979118438,0.002,0.020625,"High–high",4.1642247206271,0.001,0.0126923076923077,"Hot spot"
"MMR005014","Ayadaw","Sagaing",1.69106388990686,2e-04,0.00507692307692308,"High–high",4.89549966408704,4e-04,0.00628571428571429,"Hot spot"
"MMR005015","Chaung-U","Sagaing",3.94513499280217,6e-04,0.009,"High–high",5.42715080576954,2e-04,0.0044,"Hot spot"
"MMR005016","Yinmarbin","Sagaing",3.34501886693988,8e-04,0.011,"High–high",4.74774145786577,6e-04,0.00860869565217391,"Hot spot"
"MMR005017","Kani","Sagaing",1.71249327288582,0.0074,0.0469615384615385,"High–high",3.48695054133412,0.0096,0.0536949152542373,"Hot spot"
"MMR005018","Salingyi","Sagaing",3.1397722697885,2e-04,0.00507692307692308,"High–high",6.69275068458538,2e-04,0.0044,"Hot spot"
"MMR005019","Pale","Sagaing",3.53856322068814,6e-04,0.009,"High–high",5.07711660931635,0.001,0.0126923076923077,"Hot spot"
"MMR005020","Katha","Sagaing",0.155770289859081,0.5432,0.731566265060241,"Not significant",0.748815566300052,0.5382,0.719052631578947,"Not significant"
"MMR005021","Indaw","Sagaing",0.0860491488566393,0.5462,0.731566265060241,"Not significant",0.614157857706513,0.5744,0.749217391304348,"Not significant"
"MMR005022","Tigyaing","Sagaing",0.373790655907525,0.249,0.480912280701754,"Not significant",1.41678379459519,0.2504,0.483745664739884,"Not significant"
"MMR005023","Banmauk","Sagaing",0.00809822927557722,0.9808,0.989798165137615,"Not significant",-0.168964527359322,0.9824,0.994453987730061,"Not significant"
"MMR005024","Kawlin","Sagaing",0.104308570305697,0.457,0.666105726872247,"Not significant",0.763097444484216,0.453,0.66146017699115,"Not significant"
"MMR005025","Wuntho","Sagaing",-0.0935874372873221,0.6152,0.769182156133829,"Not significant",0.159178024125311,0.6018,0.771264367816092,"Not significant"
"MMR005026","Pinlebu","Sagaing",0.0847577532584071,0.8,0.882943143812709,"Not significant",-0.56511722664297,0.7884,0.878749163879599,"Not significant"
"MMR005027","Kale","Sagaing",0.408883727732427,0.6438,0.77821978021978,"Not significant",1.47843365756746,0.6354,0.775379562043796,"Not significant"
"MMR005028","Kalewa","Sagaing",-0.557246722273722,0.1298,0.321626865671642,"Not significant",1.2192098849391,0.1324,0.323644444444444,"Not significant"
"MMR005029","Mingin","Sagaing",0.544689957702127,0.0174,0.0844411764705882,"High–high",2.8825611058564,0.0184,0.0855211267605634,"Hot spot"
"MMR005030","Tamu","Sagaing",0.245832707830225,0.252,0.483488372093023,"Not significant",1.26092291261791,0.2632,0.49071186440678,"Not significant"
"MMR005031","Mawlaik","Sagaing",-0.233831314761487,0.2276,0.454843373493976,"Not significant",1.00996991023904,0.227,0.456768292682927,"Not significant"
"MMR005032","Paungbyin","Sagaing",0.0235968398325213,0.9018,0.93811320754717,"Not significant",-0.325987511255493,0.8972,0.933993690851735,"Not significant"
"MMR005033","Hkamti","Sagaing",-0.120585001659408,0.6114,0.769182156133829,"Not significant",0.103460890484636,0.6088,0.771264367816092,"Not significant"
"MMR005034","Homalin","Sagaing",0.0907392652901906,0.3886,0.599242990654206,"Not significant",0.908104123093413,0.3794,0.59088679245283,"Not significant"
"MMR005035","Layshi","Sagaing",0.174586496155095,0.9994,0.9994,"Not significant",-0.712256910753207,0.9896,0.998678899082569,"Not significant"
"MMR005036","Lahe","Sagaing",0.60844156553237,0.0506,0.185533333333333,"Not significant",-1.34412088084843,0.0512,0.18567032967033,"Not significant"
"MMR005037","Nanyun","Sagaing",0.491620898088152,0.1838,0.409824324324324,"Not significant",-1.33106429753924,0.2052,0.43858064516129,"Not significant"
"MMR006001","Dawei","Tanintharyi",2.03180604716801,0.0092,0.0523448275862069,"High–high",3.56642610520427,0.011,0.0605,"Hot spot"
"MMR006002","Launglon","Tanintharyi",1.32588411942287,0.129,0.321626865671642,"Not significant",2.18143084013194,0.1188,0.308692913385827,"Not significant"
"MMR006003","Thayetchaung","Tanintharyi",1.1589712010838,0.033,0.136125,"High–high",2.69958615122103,0.0324,0.135341772151899,"Hot spot"
"MMR006004","Yebyu","Tanintharyi",1.30083711197645,0.0386,0.156951219512195,"High–high",2.66720144427796,0.0416,0.164214285714286,"Hot spot"
"MMR006005","Myeik","Tanintharyi",-0.340182837994044,0.0628,0.201203883495146,"Not significant",1.8052700133317,0.063,0.203823529411765,"Not significant"
"MMR006006","Kyunsu","Tanintharyi",-0.268377287401631,0.3306,0.54813,"Not significant",0.629456038168008,0.3248,0.54186,"Not significant"
"MMR006007","Palaw","Tanintharyi",2.0553634253943,0.0664,0.208685714285714,"Not significant",2.79469183947533,0.0656,0.210174757281553,"Not significant"
"MMR006008","Tanintharyi","Tanintharyi",1.03747231159247,0.3322,0.54813,"Not significant",1.87708394284895,0.3212,0.54186,"Not significant"
"MMR006009","Kawthoung","Tanintharyi",0.181193028877172,0.9922,0.995215805471125,"Not significant",-0.602912289712958,0.9754,0.990406153846154,"Not significant"
"MMR006010","Bokpyin","Tanintharyi",-0.217304228779821,0.3786,0.593687203791469,"Not significant",0.549739836461995,0.371,0.58578947368421,"Not significant"
"MMR007001","Bago","Bago (East)",0.203602486654345,0.1136,0.300432,"Not significant",-1.46826581200857,0.1202,0.309890625,"Not significant"
"MMR007002","Thanatpin","Bago (East)",0.444139463597245,0.295,0.534097826086957,"Not significant",-1.24387470192329,0.2956,0.534852459016393,"Not significant"
"MMR007003","Kawa","Bago (East)",0.433389169162434,0.1306,0.321626865671642,"Not significant",-1.41180034791957,0.1284,0.316208955223881,"Not significant"
"MMR007004","Waw","Bago (East)",-0.0767252413778224,0.6474,0.779715328467153,"Not significant",0.131838538176716,0.6324,0.775379562043796,"Not significant"
"MMR007005","Nyaunglebin","Bago (East)",-0.00651291637758345,0.8652,0.924,"Not significant",0.306501500512296,0.8778,0.92779552715655,"Not significant"
"MMR007006","Kyauktaga","Bago (East)",0.259226506048625,0.2876,0.524353591160221,"Not significant",1.2594771918508,0.2864,0.528,"Not significant"
"MMR007007","Daik-U","Bago (East)",-0.0827436236295458,0.6858,0.806562277580071,"Not significant",-0.0483166733846744,0.6592,0.788173913043478,"Not significant"
"MMR007008","Shwegyin","Bago (East)",0.418051040718315,0.0086,0.0506785714285714,"High–high",3.15019396438173,0.0082,0.0483214285714286,"Hot spot"
"MMR007009","Taungoo","Bago (East)",-0.0165054755381838,0.9288,0.960827586206897,"Not significant",-0.134620612806048,0.9392,0.96855,"Not significant"
"MMR007010","Yedashe","Bago (East)",-0.120206986828373,0.6868,0.806562277580071,"Not significant",-0.303962882703984,0.696,0.814468085106383,"Not significant"
"MMR007011","Kyaukkyi","Bago (East)",1.70820411177546,0.1782,0.400938775510204,"Not significant",2.44556274667089,0.1796,0.407753424657534,"Not significant"
"MMR007012","Phyu","Bago (East)",0.295271486912295,0.2874,0.524353591160221,"Not significant",1.25559338678304,0.2942,0.534852459016393,"Not significant"
"MMR007013","Oktwin","Bago (East)",-0.0355368386565241,0.7778,0.879020547945206,"Not significant",-0.148736911280044,0.7908,0.878749163879599,"Not significant"
"MMR007014","Htantabin","Bago (East)",-0.181834880212043,0.152,0.353239436619718,"Not significant",1.33437257185075,0.1478,0.345914893617021,"Not significant"
"MMR008001","Pyay","Bago (West)",0.208512224741753,0.1896,0.41888,"Not significant",-1.24044603792269,0.1978,0.430078431372549,"Not significant"
"MMR008002","Paukkhaung","Bago (West)",0.0246450645812076,0.903,0.93811320754717,"Not significant",-0.31852824238986,0.9056,0.93977358490566,"Not significant"
"MMR008003","Padaung","Bago (West)",0.168149094282462,0.3058,0.536293193717277,"Not significant",-1.13547657809665,0.292,0.534852459016393,"Not significant"
"MMR008004","Paungde","Bago (West)",-0.039565008810891,0.7508,0.858910344827586,"Not significant",-0.404363452706845,0.747,0.852975778546713,"Not significant"
"MMR008005","Thegon","Bago (West)",0.155350403678597,0.5986,0.765498069498069,"Not significant",-0.799748082525652,0.6296,0.775379562043796,"Not significant"
"MMR008006","Shwedaung","Bago (West)",0.350761944329259,0.2066,0.43971974522293,"Not significant",-1.36650125996506,0.2078,0.439576923076923,"Not significant"
"MMR008007","Thayarwady","Bago (West)",0.292171415728065,0.17,0.389583333333333,"Not significant",-1.2645173323397,0.1804,0.407753424657534,"Not significant"
"MMR008008","Letpadan","Bago (West)",0.108665854036987,0.4326,0.645963800904977,"Not significant",-0.914865156092511,0.43,0.638986547085202,"Not significant"
"MMR008009","Minhla","Bago (West)",-0.0647746519028968,0.7872,0.880596610169491,"Not significant",-0.317173857090893,0.7936,0.878749163879599,"Not significant"
"MMR008010","Okpho","Bago (West)",-0.0151180190691792,0.975,0.989798165137615,"Not significant",-0.0203655873327417,0.9978,0.9996,"Not significant"
"MMR008011","Zigon","Bago (West)",0.078240603059786,0.8718,0.927183279742765,"Not significant",-0.531314046589575,0.879,0.92779552715655,"Not significant"
"MMR008012","Nattalin","Bago (West)",0.00577787211796628,0.6382,0.777143911439114,"Not significant",-0.541160690172183,0.6384,0.775379562043796,"Not significant"
"MMR008013","Monyo","Bago (West)",0.23423501567694,0.3062,0.536293193717277,"Not significant",-1.17884362989155,0.3284,0.54186,"Not significant"
"MMR008014","Gyobingauk","Bago (West)",0.0157977947797666,0.9802,0.989798165137615,"Not significant",-0.246835369967331,0.994,0.9996,"Not significant"
"MMR009001","Magway","Magway",0.225289146255508,0.1218,0.316488188976378,"Not significant",-1.44597797312929,0.1278,0.316208955223881,"Not significant"
"MMR009002","Yenangyaung","Magway",0.0843706948320479,0.6962,0.808964788732394,"Not significant",-0.624898733612058,0.7104,0.822568421052632,"Not significant"
"MMR009003","Chauk","Magway",-0.152040129321706,0.3442,0.559536945812808,"Not significant",0.708850707915655,0.3542,0.56804854368932,"Not significant"
"MMR009004","Taungdwingyi","Magway",0.279224769881601,0.0272,0.11968,"Low–low",-1.65595326642426,0.0248,0.110594594594595,"Cold spot"
"MMR009005","Myothit","Magway",0.309878371640736,0.2234,0.454306748466258,"Not significant",-1.28737220909923,0.2176,0.451622641509434,"Not significant"
"MMR009006","Natmauk","Magway",0.083923645567036,0.0564,0.193875,"Not significant",-1.49527439452473,0.057,0.19,"Not significant"
"MMR009007","Minbu","Magway",0.221832822012617,0.5594,0.735466135458167,"Not significant",-0.916393840969087,0.5654,0.743617529880478,"Not significant"
"MMR009008","Pwintbyu","Magway",0.0731489595121444,0.5624,0.73647619047619,"Not significant",-0.74408485391879,0.5314,0.71419512195122,"Not significant"
"MMR009009","Ngape","Magway",0.00399676748926972,0.4854,0.693568965517241,"Not significant",-0.716097081732696,0.4786,0.689685589519651,"Not significant"
"MMR009010","Salin","Magway",-0.10649653357941,0.6942,0.808964788732394,"Not significant",-0.318420138537605,0.6678,0.795574007220217,"Not significant"
"MMR009011","Sidoktaya","Magway",-0.100607044744128,0.6236,0.769182156133829,"Not significant",0.158377638615187,0.6076,0.771264367816092,"Not significant"
"MMR009012","Thayet","Magway",0.360250939207584,0.132,0.322666666666667,"Not significant",-1.42611045431681,0.1282,0.316208955223881,"Not significant"
"MMR009013","Minhla","Magway",0.22080777768821,0.404,0.616706422018349,"Not significant",-1.07167006877935,0.394,0.604744186046512,"Not significant"
"MMR009014","Mindon","Magway",0.110509982255809,0.6132,0.769182156133829,"Not significant",-0.734459496540906,0.6308,0.775379562043796,"Not significant"
"MMR009015","Kamma","Magway",0.227024573688389,0.378,0.593687203791469,"Not significant",-1.05682188984059,0.3904,0.602018691588785,"Not significant"
"MMR009016","Aunglan","Magway",0.221388499490976,0.215,0.4450875,"Not significant",-1.27694049002833,0.2264,0.456768292682927,"Not significant"
"MMR009017","Sinbaungwe","Magway",0.377013091586063,0.0778,0.229232142857143,"Not significant",-1.56514479380961,0.0792,0.233357142857143,"Not significant"
"MMR009018","Pakokku","Magway",3.54192395984282,0.0056,0.039875,"High–high",4.15337408309254,0.0072,0.0456923076923077,"Hot spot"
"MMR009019","Yesagyo","Magway",5.89282432500071,2e-04,0.00507692307692308,"High–high",6.03921091402596,2e-04,0.0044,"Hot spot"
"MMR009020","Myaing","Magway",8.19782977771258,4e-04,0.00733333333333333,"High–high",5.98414405495191,4e-04,0.00628571428571429,"Hot spot"
"MMR009021","Pauk","Magway",2.89569044483038,0.0012,0.0141428571428571,"High–high",4.41568973250809,0.002,0.0212903225806452,"Hot spot"
"MMR009022","Seikphyu","Magway",-0.0121553074269507,0.0498,0.184651685393258,"Low–high",2.15864096990817,0.0444,0.172376470588235,"Hot spot"
"MMR009023","Gangaw","Magway",1.73320431116257,0.0038,0.03135,"High–high",3.82096221814534,0.004,0.033,"Hot spot"
"MMR009024","Tilin","Magway",0.115547841256314,0.0598,0.19734,"Not significant",2.07294970080319,0.0558,0.188571428571429,"Not significant"
"MMR009025","Saw","Magway",0.159549412424123,0.3156,0.539626943005181,"Not significant",1.11015806926485,0.313,0.539968911917099,"Not significant"
"MMR010001","Aungmyaythazan","Mandalay",0.0133221105597919,0.836,0.90156862745098,"Not significant",-0.189533080947159,0.8326,0.898764705882353,"Not significant"
"MMR010002","Chanayethazan","Mandalay",0.00693097193019365,0.9472,0.970732919254658,"Not significant",-0.182652766711997,0.9456,0.969503105590062,"Not significant"
"MMR010003","Mahaaungmyay","Mandalay",0.00506289184853638,0.9404,0.966766355140187,"Not significant",-0.267009635912367,0.933,0.965172413793104,"Not significant"
"MMR010004","Chanmyathazi","Mandalay",0.00281213600594618,0.881,0.928849840255591,"Not significant",-0.313872413596873,0.88,0.92779552715655,"Not significant"
"MMR010005","Pyigyitagon","Mandalay",0.0283848645431896,0.9634,0.981240740740741,"Not significant",-0.332120644910771,0.9698,0.987759259259259,"Not significant"
"MMR010006","Amarapura","Mandalay",-0.0596405055868068,0.627,0.769182156133829,"Not significant",0.245225387408173,0.6472,0.77664,"Not significant"
"MMR010007","Patheingyi","Mandalay",-0.0289883874316143,0.2688,0.504,"Not significant",1.07117064654775,0.2588,0.488022857142857,"Not significant"
"MMR010008","Pyinoolwin","Mandalay",-0.609315698134834,0.0488,0.18375,"Low–high",1.85464099141669,0.0538,0.188571428571429,"Not significant"
"MMR010009","Madaya","Mandalay",3.68322916782538,0.0114,0.0597142857142857,"High–high",3.9003901516848,0.0146,0.0741230769230769,"Hot spot"
"MMR010010","Singu","Mandalay",1.26206434921963,2e-04,0.00507692307692308,"High–high",5.56521214962011,2e-04,0.0044,"Hot spot"
"MMR010011","Mogoke","Mandalay",1.0582541582392,0.0236,0.105243243243243,"High–high",2.82816525210712,0.0258,0.112026315789474,"Hot spot"
"MMR010012","Thabeikkyin","Mandalay",1.00034246140639,0.0086,0.0506785714285714,"High–high",3.24355695408759,0.0068,0.0456923076923077,"Hot spot"
"MMR010013","Kyaukse","Mandalay",-0.00856457558798871,0.888,0.930285714285714,"Not significant",-0.114572429019912,0.8688,0.927406451612903,"Not significant"
"MMR010014","Sintgaing","Mandalay",0.232843993116226,0.369,0.585432692307692,"Not significant",-1.08334537789689,0.3698,0.58578947368421,"Not significant"
"MMR010015","Myittha","Mandalay",0.0599037470680178,0.9536,0.974266253869969,"Not significant",-0.459023274417757,0.9656,0.986526315789474,"Not significant"
"MMR010016","Tada-U","Mandalay",-0.151660507726305,0.4642,0.671868421052632,"Not significant",0.489817006457807,0.4288,0.638986547085202,"Not significant"
"MMR010017","Myingyan","Mandalay",3.13314783621359,0.0182,0.0855211267605634,"High–high",3.65619791093329,0.017,0.0801428571428572,"Hot spot"
"MMR010018","Taungtha","Mandalay",0.790308391725407,0.0104,0.0553548387096774,"High–high",3.15905597956468,0.0118,0.0638360655737705,"Hot spot"
"MMR010019","Natogyi","Mandalay",0.240747627632847,0.5024,0.70851282051282,"Not significant",0.948869392935019,0.4978,0.704745762711864,"Not significant"
"MMR010020","Kyaukpadaung","Mandalay",0.0968624749857911,0.592,0.76415625,"Not significant",-0.718961864497632,0.6092,0.771264367816092,"Not significant"
"MMR010021","Ngazun","Mandalay",0.625653067826758,0.004,0.0314285714285714,"High–high",3.38959249322738,0.0044,0.0337674418604651,"Hot spot"
"MMR010022","Nyaung-U","Mandalay",-0.123194377050919,0.2092,0.43971974522293,"Not significant",1.11432652535949,0.2286,0.4572,"Not significant"
"MMR010023","Yamethin","Mandalay",0.383022917382752,0.1296,0.321626865671642,"Not significant",-1.52540524614679,0.1246,0.316208955223881,"Not significant"
"MMR010024","Pyawbwe","Mandalay",0.393963758205974,0.194,0.419725490196078,"Not significant",-1.32700103591904,0.1994,0.430078431372549,"Not significant"
"MMR010028","Meiktila","Mandalay",0.287878521650131,0.2374,0.466321428571429,"Not significant",-1.27190910099146,0.2358,0.465952095808383,"Not significant"
"MMR010029","Mahlaing","Mandalay",-0.0386181543184737,0.7596,0.86140206185567,"Not significant",-0.0264863922688115,0.761,0.865965517241379,"Not significant"
"MMR010030","Thazi","Mandalay",0.39906569824892,0.0532,0.187578947368421,"Not significant",-1.68314911640344,0.0546,0.188571428571429,"Not significant"
"MMR010031","Wundwin","Mandalay",0.0695279933865227,0.5504,0.731566265060241,"Not significant",-0.732733794841958,0.5482,0.726530120481928,"Not significant"
"MMR011001","Mawlamyine","Mon",0.198057272018141,0.4496,0.66532735426009,"Not significant",-0.979291693983705,0.4402,0.648508928571429,"Not significant"
"MMR011002","Kyaikmaraw","Mon",-0.0849514658731702,0.1006,0.27665,"Not significant",1.64097488409965,0.0978,0.273508474576271,"Not significant"
"MMR011003","Chaungzon","Mon",0.403228101729134,0.8126,0.889480263157895,"Not significant",-0.911988918954313,0.8086,0.886943521594684,"Not significant"
"MMR011004","Thanbyuzayat","Mon",-0.140865301441286,0.262,0.497828571428571,"Not significant",0.960776501508623,0.2504,0.483745664739884,"Not significant"
"MMR011005","Mudon","Mon",-0.0187560934907903,0.8168,0.889480263157895,"Not significant",-0.195599688964549,0.8286,0.898764705882353,"Not significant"
"MMR011006","Ye","Mon",0.940826364923728,0.3384,0.552831683168317,"Not significant",1.68818684207599,0.3274,0.54186,"Not significant"
"MMR011007","Thaton","Mon",0.214499397893844,0.5902,0.76415625,"Not significant",0.811308623309849,0.592,0.766635294117647,"Not significant"
"MMR011008","Paung","Mon",-0.0677278578320182,0.6848,0.806562277580071,"Not significant",-0.0356760198165359,0.6874,0.807266903914591,"Not significant"
"MMR011009","Kyaikto","Mon",0.539884206053921,0.4928,0.697957081545064,"Not significant",1.32697280309562,0.4996,0.704745762711864,"Not significant"
"MMR011010","Bilin","Mon",1.05913849515219,0.0776,0.229232142857143,"Not significant",2.36878860604657,0.0694,0.212055555555556,"Not significant"
"MMR012001","Sittwe","Rakhine",-0.00456013333614946,0.6604,0.789608695652174,"Not significant",0.183828221083219,0.6794,0.803591397849462,"Not significant"
"MMR012002","Ponnagyun","Rakhine",-0.000894477191051905,0.7812,0.879775510204082,"Not significant",0.0900400988267229,0.7812,0.878749163879599,"Not significant"
"MMR012003","Mrauk-U","Rakhine",-0.00463133301554522,0.8194,0.889480263157895,"Not significant",-0.00814857822652655,0.8218,0.895029702970297,"Not significant"
"MMR012004","Kyauktaw","Rakhine",0.000158890481348926,0.847,0.910456026058632,"Not significant",0.0275563952473823,0.8574,0.918642857142857,"Not significant"
"MMR012005","Minbya","Rakhine",-0.0181579810458776,0.797,0.882943143812709,"Not significant",-0.311309166081575,0.7874,0.878749163879599,"Not significant"
"MMR012006","Myebon","Rakhine",-0.157365601983064,0.5252,0.713234567901235,"Not significant",0.0402356354511047,0.5468,0.726530120481928,"Not significant"
"MMR012007","Pauktaw","Rakhine",0.00105031195808666,0.7838,0.879775510204082,"Not significant",-0.0775208317030052,0.7772,0.878342465753425,"Not significant"
"MMR012008","Rathedaung","Rakhine",-0.135234421099923,0.2282,0.454843373493976,"Not significant",1.04049270321464,0.2324,0.462,"Not significant"
"MMR012009","Maungdaw","Rakhine",-0.0785514513522822,0.7964,0.882943143812709,"Not significant",1.20918398012727,0.7956,0.878749163879599,"Not significant"
"MMR012010","Buthidaung","Rakhine",0.0447026062001274,0.3478,0.562617647058824,"Not significant",0.899795421389779,0.3518,0.56804854368932,"Not significant"
"MMR012011","Kyaukpyu","Rakhine",-0.0102982200341702,0.7526,0.858910344827586,"Not significant",0.502645177202609,0.7768,0.878342465753425,"Not significant"
"MMR012012","Munaung","Rakhine",0.391716896823733,0.8738,0.927183279742765,"Not significant",-0.911988918954313,0.8712,0.927406451612903,"Not significant"
"MMR012013","Ramree","Rakhine",-0.0928485059832246,0.622,0.769182156133829,"Not significant",0.0365667879795382,0.6396,0.775379562043796,"Not significant"
"MMR012014","Ann","Rakhine",-0.089254099207607,0.6232,0.769182156133829,"Not significant",-0.398039830883547,0.6328,0.775379562043796,"Not significant"
"MMR012015","Thandwe","Rakhine",-0.0673691252381563,0.532,0.719508196721311,"Not significant",-0.585519909763203,0.512,0.706945606694561,"Not significant"
"MMR012016","Toungup","Rakhine",-0.00118813440839549,0.8532,0.914142857142857,"Not significant",-0.291721272831844,0.8524,0.916260586319218,"Not significant"
"MMR012017","Gwa","Rakhine",-0.0848075678259463,0.3152,0.539626943005181,"Not significant",-0.878478137790871,0.3004,0.535848648648649,"Not significant"
"MMR013001","Insein","Yangon",0.0125602572198536,0.6414,0.778169117647059,"Not significant",-0.57735883651511,0.6316,0.775379562043796,"Not significant"
"MMR013002","Mingaladon","Yangon",0.0332264178970607,0.487,0.693568965517241,"Not significant",-0.759219599354565,0.4854,0.69644347826087,"Not significant"
"MMR013003","Hmawbi","Yangon",0.272271300991651,0.2324,0.459233532934132,"Not significant",-1.24860711117078,0.2226,0.455074074074074,"Not significant"
"MMR013004","Hlegu","Yangon",0.28068288813484,0.0848,0.245473684210526,"Not significant",-1.63092937033014,0.0874,0.248637931034483,"Not significant"
"MMR013005","Taikkyi","Yangon",0.457351895492826,0.0082,0.0501111111111111,"Low–low",-1.96647953000454,0.0054,0.0405,"Cold spot"
"MMR013006","Htantabin","Yangon",0.442736252887045,0.069,0.212803738317757,"Not significant",-1.62946746191165,0.0666,0.211326923076923,"Not significant"
"MMR013007","Shwepyithar","Yangon",0.12540329305209,0.3276,0.54813,"Not significant",-1.02417759684822,0.3152,0.539968911917099,"Not significant"
"MMR013009","Thingangyun","Yangon",0.216398918488955,0.2082,0.43971974522293,"Not significant",-1.28435843317034,0.2092,0.43971974522293,"Not significant"
"MMR013010","Yankin","Yangon",0.311622747015529,0.2974,0.534097826086957,"Not significant",-1.21188228155436,0.3086,0.539968911917099,"Not significant"
"MMR013011","South Okkalapa","Yangon",0.206684470647927,0.4074,0.616706422018349,"Not significant",-1.00565627465386,0.4152,0.626246575342466,"Not significant"
"MMR013012","North Okkalapa","Yangon",0.0275391045270739,0.4068,0.616706422018349,"Not significant",-0.826271570581956,0.4156,0.626246575342466,"Not significant"
"MMR013013","Thaketa","Yangon",0.158704178767971,0.334,0.548358208955224,"Not significant",-1.00565627465386,0.3506,0.56804854368932,"Not significant"
"MMR013014","Dawbon","Yangon",0.329805058149676,0.3104,0.536293193717277,"Not significant",-1.18641270286552,0.3204,0.54186,"Not significant"
"MMR013015","Tamwe","Yangon",0.293448295610451,0.088,0.250344827586207,"Not significant",-1.43835206418895,0.0838,0.242578947368421,"Not significant"
"MMR013016","Pazundaung","Yangon",0.502862820004761,0.212,0.442784810126582,"Not significant",-1.21774808682939,0.206,0.43858064516129,"Not significant"
"MMR013017","Botahtaung","Yangon",0.500013789337162,0.0288,0.125052631578947,"Low–low",-1.58586209360488,0.0298,0.126076923076923,"Cold spot"
"MMR013018","Dagon Myothit (South)","Yangon",0.0850150261538486,0.1904,0.41888,"Not significant",-1.17731694201786,0.188,0.419189189189189,"Not significant"
"MMR013019","Dagon Myothit (North)","Yangon",0.0990614440000943,0.4194,0.631972602739726,"Not significant",-0.918134426430207,0.4074,0.619548387096774,"Not significant"
"MMR013020","Dagon Myothit (East)","Yangon",0.177615473251358,0.6696,0.794848920863309,"Not significant",-0.795889555494644,0.6726,0.798410071942446,"Not significant"
"MMR013021","Dagon Myothit (Seikkan)","Yangon",0.218869379926151,0.4842,0.693568965517241,"Not significant",-0.949867253600877,0.503,0.704745762711864,"Not significant"
"MMR013022","Mingalartaungnyunt","Yangon",0.438448846457785,0.0044,0.0337674418604651,"Low–low",-2.02505687563359,0.004,0.033,"Cold spot"
"MMR013023","Thanlyin","Yangon",0.26513973538642,0.0444,0.174428571428571,"Low–low",-1.5036406501737,0.0418,0.164214285714286,"Cold spot"
"MMR013024","Kyauktan","Yangon",0.433071332750119,0.4544,0.666105726872247,"Not significant",-1.09999161967528,0.4508,0.661173333333333,"Not significant"
"MMR013025","Thongwa","Yangon",0.421560463252786,0.2704,0.504135593220339,"Not significant",-1.23640130801335,0.2618,0.49071186440678,"Not significant"
"MMR013026","Kayan","Yangon",0.34866624639441,0.1208,0.316380952380952,"Not significant",-1.36940069191931,0.111,0.29780487804878,"Not significant"
"MMR013027","Twantay","Yangon",0.308182184053262,0.0124,0.0639375,"Low–low",-1.91512093934309,0.0128,0.067047619047619,"Cold spot"
"MMR013028","Kawhmu","Yangon",0.448473561935248,0.054,0.187578947368421,"Not significant",-1.61177487071094,0.0502,0.18567032967033,"Not significant"
"MMR013029","Kungyangon","Yangon",0.494725633929037,0.4876,0.693568965517241,"Not significant",-0.996282545111046,0.494,0.704745762711864,"Not significant"
"MMR013030","Dala","Yangon",0.478989604149792,0.1244,0.3168,"Not significant",-1.36344900448231,0.128,0.316208955223881,"Not significant"
"MMR013031","Seikgyikanaungto","Yangon",0.478103977779124,0.2288,0.454843373493976,"Not significant",-1.30864411580943,0.2234,0.455074074074074,"Not significant"
"MMR013032","Cocokyun","Yangon",0.615984371243434,0.2412,0.47098224852071,"Not significant",-1.11218628107655,0.2524,0.483745664739884,"Not significant"
"MMR013033","Kyauktada","Yangon",0.49990310467461,0.0196,0.0898333333333333,"Low–low",-1.60594614118396,0.0218,0.0999166666666667,"Cold spot"
"MMR013034","Pabedan","Yangon",0.56239764033228,0.0064,0.0414117647058824,"Low–low",-1.80356009204113,0.0066,0.0456923076923077,"Cold spot"
"MMR013035","Lanmadaw","Yangon",0.531474904654605,0.002,0.020625,"Low–low",-1.95297264560135,0.0022,0.022,"Cold spot"
"MMR013036","Latha","Yangon",0.578245746096433,0.016,0.08,"Low–low",-1.52288140789434,0.0168,0.0801428571428572,"Cold spot"
"MMR013037","Ahlone","Yangon",0.437703784018423,0.0906,0.255538461538462,"Not significant",-1.46312624728832,0.0938,0.264564102564103,"Not significant"
"MMR013038","Kyeemyindaing","Yangon",0.290558307890951,0.1786,0.400938775510204,"Not significant",-1.3570420440677,0.1696,0.388666666666667,"Not significant"
"MMR013039","Sanchaung","Yangon",0.310275166839094,0.0596,0.19734,"Not significant",-1.48731850367751,0.069,0.212055555555556,"Not significant"
"MMR013040","Hlaing","Yangon",0.0761427498175348,0.7984,0.882943143812709,"Not significant",-0.54635793699568,0.7962,0.878749163879599,"Not significant"
"MMR013041","Kamaryut","Yangon",0.287647785744156,0.1742,0.396455172413793,"Not significant",-1.34569098499086,0.1864,0.418448979591837,"Not significant"
"MMR013042","Mayangone","Yangon",0.0909600596300346,0.3578,0.573174757281553,"Not significant",-0.995645548270299,0.3484,0.56804854368932,"Not significant"
"MMR013043","Dagon","Yangon",0.493885203795577,0.0064,0.0414117647058824,"Low–low",-2.00999412961469,0.0088,0.0500689655172414,"Cold spot"
"MMR013044","Bahan","Yangon",0.286378787951376,0.0618,0.201203883495146,"Not significant",-1.60516338279341,0.056,0.188571428571429,"Not significant"
"MMR013046","Hlaingtharya (East)","Yangon",-0.0383427196972577,0.3066,0.536293193717277,"Not significant",-0.912458896891792,0.3124,0.539968911917099,"Not significant"
"MMR013047","Hlaingtharya (West)","Yangon",0.225306479399129,0.5716,0.745565217391304,"Not significant",-0.926244717871099,0.5656,0.743617529880478,"Not significant"
"MMR014001","Taunggyi","Shan (South)",0.160953865031499,0.511,0.711545454545455,"Not significant",-0.889519888254679,0.5,0.704745762711864,"Not significant"
"MMR014002","Nyaungshwe","Shan (South)",-0.112479356364629,0.3096,0.536293193717277,"Not significant",0.852630789555522,0.3064,0.539968911917099,"Not significant"
"MMR014003","Hopong","Shan (South)",0.241564518419902,0.2978,0.534097826086957,"Not significant",-1.16596588294103,0.2986,0.535532608695652,"Not significant"
"MMR014004","Hsihseng","Shan (South)",-0.0482993082059069,0.701,0.811684210526316,"Not significant",-0.40166123843437,0.7082,0.822568421052632,"Not significant"
"MMR014005","Kalaw","Shan (South)",0.323490125475456,0.1946,0.419725490196078,"Not significant",-1.39247501840242,0.1992,0.430078431372549,"Not significant"
"MMR014006","Pindaya","Shan (South)",0.349641650324703,0.3044,0.536293193717277,"Not significant",-1.21319143297096,0.3048,0.539968911917099,"Not significant"
"MMR014007","Ywangan","Shan (South)",0.12679216320399,0.1448,0.343769784172662,"Not significant",-1.27947647370935,0.1432,0.342820143884892,"Not significant"
"MMR014008","Lawksawk","Shan (South)",-0.0447974293360752,0.6312,0.771466666666667,"Not significant",0.293646846586811,0.6378,0.775379562043796,"Not significant"
"MMR014009","Pinlaung","Shan (South)",-0.0176909758881224,0.551,0.731566265060241,"Not significant",-0.628569309631463,0.5324,0.71419512195122,"Not significant"
"MMR014010","Pekon","Shan (South)",0.919947113289444,0.218,0.446832298136646,"Not significant",1.87406377803581,0.2212,0.455074074074074,"Not significant"
"MMR014011","Loilen","Shan (South)",0.353335913051274,0.2244,0.454306748466258,"Not significant",-1.30981516053148,0.2394,0.47025,"Not significant"
"MMR014012","Laihka","Shan (South)",0.436367387837689,0.0592,0.19734,"Not significant",-1.58321111434261,0.059,0.1947,"Not significant"
"MMR014013","Nansang","Shan (South)",0.532885071976593,0.005,0.0375,"Low–low",-1.91135209565297,0.007,0.0456923076923077,"Cold spot"
"MMR014014","Kunhing","Shan (South)",0.572059002659177,0.0028,0.024972972972973,"Low–low",-1.8443654582816,0.0044,0.0337674418604651,"Cold spot"
"MMR014015","Kyethi","Shan (South)",0.332022917381881,0.1082,0.290292682926829,"Not significant",-1.53249485829315,0.1134,0.299904,"Not significant"
"MMR014016","Mongkaing","Shan (South)",0.171997421647483,0.4574,0.666105726872247,"Not significant",-0.948687669303355,0.4574,0.664942731277533,"Not significant"
"MMR014017","Monghsu","Shan (South)",0.550613388414208,0.0028,0.024972972972973,"Low–low",-1.94729711606294,0.0032,0.0285405405405405,"Cold spot"
"MMR014018","Langkho","Shan (South)",0.573882355453795,0.0096,0.0536949152542373,"Low–low",-1.79743928710506,0.0078,0.0476666666666667,"Cold spot"
"MMR014019","Mongnai","Shan (South)",0.597225743332486,4e-04,0.00733333333333333,"Low–low",-2.1936011909418,2e-04,0.0044,"Cold spot"
"MMR014020","Mawkmai","Shan (South)",0.183287071954753,0.5134,0.711545454545455,"Not significant",-0.926333019778843,0.504,0.704745762711864,"Not significant"
"MMR014021","Mongpan","Shan (South)",0.623089929058595,0.0018,0.0198,"Low–low",-1.59014195308378,0.0032,0.0285405405405405,"Cold spot"
"MMR015001","Lashio","Shan (North)",-0.416811839221529,0.3174,0.539907216494845,"Not significant",-0.545560488888508,0.3158,0.539968911917099,"Not significant"
"MMR015002","Hseni","Shan (North)",0.0590530441307763,0.3872,0.599242990654206,"Not significant",0.788518642410068,0.406,0.619548387096774,"Not significant"
"MMR015003","Mongyai","Shan (North)",0.0630459243873457,0.9376,0.966766355140187,"Not significant",-0.465144079353827,0.946,0.969503105590062,"Not significant"
"MMR015004","Tangyan","Shan (North)",0.344642747107957,0.1482,0.349328571428571,"Not significant",-1.46691594593927,0.1516,0.35230985915493,"Not significant"
"MMR015005","Pangsang (Panghkam)","Shan (North)",0.623628857773794,2e-04,0.00507692307692308,"Low–low",-1.94841914219478,2e-04,0.0044,"Cold spot"
"MMR015006","Narphan","Shan (North)",0.650801567270158,6e-04,0.009,"Low–low",-1.61754439742023,2e-04,0.0044,"Cold spot"
"MMR015007","Pangwaun","Shan (North)",0.656158058966577,4e-04,0.00733333333333333,"Low–low",-1.40730727785795,4e-04,0.00628571428571429,"Cold spot"
"MMR015008","Mongmao","Shan (North)",0.632053846332691,2e-04,0.00507692307692308,"Low–low",-1.93821780063467,4e-04,0.00628571428571429,"Cold spot"
"MMR015009","Muse","Shan (North)",0.691778072838653,0.5112,0.711545454545455,"Not significant",1.62839969079648,0.511,0.706945606694561,"Not significant"
"MMR015010","Namhkan","Shan (North)",0.0596874871258215,0.1448,0.343769784172662,"Not significant",1.50931279441461,0.1444,0.342820143884892,"Not significant"
"MMR015011","Kutkai","Shan (North)",0.150524252121252,0.696,0.808964788732394,"Not significant",0.79112552267837,0.7002,0.816487632508834,"Not significant"
"MMR015012","Kyaukme","Shan (North)",0.875048942050801,0.1568,0.361846153846154,"Not significant",1.94800799046977,0.1664,0.384,"Not significant"
"MMR015013","Nawnghkio","Shan (North)",2.07684798921177,0.0822,0.240053097345133,"Not significant",2.85527283448933,0.08,0.233628318584071,"Not significant"
"MMR015014","Hsipaw","Shan (North)",0.00295664098205561,0.904,0.93811320754717,"Not significant",0.160714935553149,0.897,0.933993690851735,"Not significant"
"MMR015015","Namtu","Shan (North)",-0.0298812250757517,0.5928,0.76415625,"Not significant",0.304269939670177,0.5924,0.766635294117647,"Not significant"
"MMR015016","Namhsan","Shan (North)",-0.0882197305388995,0.52,0.711545454545455,"Not significant",0.406050489880133,0.5098,0.706945606694561,"Not significant"
"MMR015017","Mongmit","Shan (North)",0.0201471305820894,0.4582,0.666105726872247,"Not significant",0.661554628428856,0.472,0.683157894736842,"Not significant"
"MMR015018","Mabein","Shan (North)",-0.234323473927186,0.3094,0.536293193717277,"Not significant",0.724731092038549,0.3348,0.549671641791045,"Not significant"
"MMR015019","Manton","Shan (North)",-0.0858697489812575,0.5178,0.711545454545455,"Not significant",0.401846749362943,0.5216,0.713727272727273,"Not significant"
"MMR015020","Kunlong","Shan (North)",-0.261231589936455,0.3632,0.579014492753623,"Not significant",0.55703034496986,0.3546,0.56804854368932,"Not significant"
"MMR015021","Hopang","Shan (North)",0.164583308285484,0.7458,0.857540069686411,"Not significant",-0.75486217966114,0.7446,0.852975778546713,"Not significant"
"MMR015022","Laukkaing","Shan (North)",0.0111313182263081,0.8856,0.930285714285714,"Not significant",-0.313872413596873,0.8908,0.933219047619048,"Not significant"
"MMR015023","Konkyan","Shan (North)",-0.910002685977174,0.0682,0.212320754716981,"Not significant",1.55615688300041,0.069,0.212055555555556,"Not significant"
"MMR015024","Matman","Shan (North)",0.629375600484482,2e-04,0.00507692307692308,"Low–low",-2.08729351134386,2e-04,0.0044,"Cold spot"
"MMR016001","Kengtung","Shan (East)",0.632275215657795,2e-04,0.00507692307692308,"Low–low",-2.12323853175383,2e-04,0.0044,"Cold spot"
"MMR016002","Mongkhet","Shan (East)",0.648926795176412,2e-04,0.00507692307692308,"Low–low",-1.98106343518716,2e-04,0.0044,"Cold spot"
"MMR016003","Mongyang","Shan (East)",0.648147918013627,2e-04,0.00507692307692308,"Low–low",-1.81124973865893,2e-04,0.0044,"Cold spot"
"MMR016005","Mongla","Shan (East)",0.646114637035792,2e-04,0.00507692307692308,"Low–low",-1.80009193444834,2e-04,0.0044,"Cold spot"
"MMR016006","Monghsat","Shan (East)",0.607272437355316,4e-04,0.00733333333333333,"Low–low",-1.93005672738657,2e-04,0.0044,"Cold spot"
"MMR016007","Mongping","Shan (East)",0.61805968071561,2e-04,0.00507692307692308,"Low–low",-2.38991005698023,2e-04,0.0044,"Cold spot"
"MMR016008","Mongton","Shan (East)",0.625176773462692,2e-04,0.00507692307692308,"Low–low",-1.94433860557074,2e-04,0.0044,"Cold spot"
"MMR016009","Tachileik","Shan (East)",0.576176924285875,0.0036,0.0304615384615385,"Low–low",-1.5552661148374,0.0012,0.0141428571428571,"Cold spot"
"MMR016010","Monghpyak","Shan (East)",0.624019108788063,0.0022,0.022,"Low–low",-1.75099759592171,0.002,0.0212903225806452,"Cold spot"
"MMR016011","Mongyawng","Shan (East)",0.613672347527027,6e-04,0.009,"Low–low",-1.76661852181655,4e-04,0.00628571428571429,"Cold spot"
"MMR017001","Pathein","Ayeyarwady",0.102652589863936,0.387,0.599242990654206,"Not significant",-0.90746759760061,0.3796,0.59088679245283,"Not significant"
"MMR017002","Kangyidaunt","Ayeyarwady",0.453728884620239,0.0626,0.201203883495146,"Not significant",-1.5913721875907,0.0598,0.195386138613861,"Not significant"
"MMR017003","Thabaung","Ayeyarwady",0.225324024967859,0.4356,0.647513513513513,"Not significant",-1.0221373285362,0.4298,0.638986547085202,"Not significant"
"MMR017004","Ngapudaw","Ayeyarwady",0.158776291502664,0.8148,0.889480263157895,"Not significant",-0.652083571637719,0.813,0.888377483443709,"Not significant"
"MMR017005","Kyonpyaw","Ayeyarwady",0.368553478976496,0.0432,0.171759036144578,"Low–low",-1.63135930509113,0.0484,0.18225,"Cold spot"
"MMR017006","Yegyi","Ayeyarwady",0.156825245129672,0.402,0.616706422018349,"Not significant",-1.00785545035203,0.3778,0.59088679245283,"Not significant"
"MMR017007","Kyaunggon","Ayeyarwady",0.502415907387481,0.0306,0.129461538461538,"Low–low",-1.77135570037205,0.0276,0.118285714285714,"Cold spot"
"MMR017008","Hinthada","Ayeyarwady",0.380810445088068,0.0722,0.218587155963303,"Not significant",-1.57838769606591,0.0766,0.22772972972973,"Not significant"
"MMR017009","Zalun","Ayeyarwady",0.455288219090486,0.0738,0.2214,"Not significant",-1.56280843122238,0.0716,0.216770642201835,"Not significant"
"MMR017010","Lemyethna","Ayeyarwady",0.129492871454762,0.3796,0.593687203791469,"Not significant",-0.977251425671682,0.385,0.596478873239437,"Not significant"
"MMR017011","Myanaung","Ayeyarwady",0.236391373196158,0.5218,0.711545454545455,"Not significant",-0.971130620735612,0.5286,0.71419512195122,"Not significant"
"MMR017012","Kyangin","Ayeyarwady",0.340311496011779,0.2492,0.480912280701754,"Not significant",-1.27717086753911,0.2516,0.483745664739884,"Not significant"
"MMR017013","Ingapu","Ayeyarwady",0.277815993881971,0.2822,0.523179775280899,"Not significant",-1.23028855104308,0.2654,0.492033707865169,"Not significant"
"MMR017014","Myaungmya","Ayeyarwady",0.56603173085139,0.004,0.0314285714285714,"Low–low",-1.70190325739509,0.0044,0.0337674418604651,"Cold spot"
"MMR017015","Einme","Ayeyarwady",0.600726583679557,0.0014,0.0159310344827586,"Low–low",-1.88109028789802,0.0012,0.0141428571428571,"Cold spot"
"MMR017016","Labutta","Ayeyarwady",0.566013283407632,0.01,0.0540983606557377,"Low–low",-1.68181920981601,0.0086,0.0497894736842105,"Cold spot"
"MMR017017","Wakema","Ayeyarwady",0.544866488824826,0.0012,0.0141428571428571,"Low–low",-2.06421576927062,0.0014,0.0159310344827586,"Cold spot"
"MMR017018","Mawlamyinegyun","Ayeyarwady",0.488904533734102,0.0082,0.0501111111111111,"Low–low",-1.62826174960515,0.014,0.0721875,"Cold spot"
"MMR017019","Maubin","Ayeyarwady",0.381273569095318,0.0092,0.0523448275862069,"Low–low",-1.80351703442307,0.0072,0.0456923076923077,"Cold spot"
"MMR017020","Pantanaw","Ayeyarwady",0.547061388576162,0.0026,0.0245142857142857,"Low–low",-2.05180894801448,0.0028,0.0264,"Cold spot"
"MMR017021","Nyaungdon","Ayeyarwady",0.482386604643411,0.0136,0.0690461538461538,"Low–low",-1.82432730939726,0.0128,0.067047619047619,"Cold spot"
"MMR017022","Danubyu","Ayeyarwady",0.542801374249478,0.0058,0.039875,"Low–low",-1.89810919339667,0.007,0.0456923076923077,"Cold spot"
"MMR017023","Pyapon","Ayeyarwady",0.476994572114269,0.0456,0.175744186046512,"Low–low",-1.43070954967176,0.0416,0.164214285714286,"Cold spot"
"MMR017024","Bogale","Ayeyarwady",0.478552356253889,0.0968,0.268436974789916,"Not significant",-1.3808869236055,0.0996,0.276201680672269,"Not significant"
"MMR017025","Kyaiklat","Ayeyarwady",0.502081015741088,0.006,0.0404081632653061,"Low–low",-1.97027840833127,0.0072,0.0456923076923077,"Cold spot"
"MMR017026","Dedaye","Ayeyarwady",0.527356404138426,0.2014,0.431571428571429,"Not significant",-1.24359706742419,0.1982,0.430078431372549,"Not significant"
"MMR018001","Zay Yar Thi Ri","Nay Pyi Taw",0.385801528327813,0.3282,0.54813,"Not significant",-1.23104391970791,0.3268,0.54186,"Not significant"
"MMR018002","Za Bu Thi Ri","Nay Pyi Taw",0.473769785029961,0.0292,0.125142857142857,"Low–low",-1.57247272855217,0.0256,0.112026315789474,"Cold spot"
"MMR018003","Tatkon","Nay Pyi Taw",0.406875520726008,0.049,0.18375,"Low–low",-1.70264554980594,0.0486,0.18225,"Cold spot"
"MMR018004","Det Khi Na Thi Ri","Nay Pyi Taw",0.503727762877882,0.0584,0.19734,"Not significant",-1.54569399844673,0.056,0.188571428571429,"Not significant"
"MMR018005","Poke Ba Thi Ri","Nay Pyi Taw",0.529242105566192,0.018,0.0855211267605634,"Low–low",-1.74439231099245,0.0162,0.0797910447761194,"Cold spot"
"MMR018006","Pyinmana","Nay Pyi Taw",0.0996089945660279,0.6658,0.793191335740072,"Not significant",-0.676104287718957,0.6854,0.807266903914591,"Not significant"
"MMR018007","Lewe","Nay Pyi Taw",0.264039147848132,0.264,0.497828571428571,"Not significant",-1.25350955177671,0.256,0.48551724137931,"Not significant"
"MMR018008","Oke Ta Ra Thi Ri","Nay Pyi Taw",0.51181575577025,0.0166,0.0817611940298507,"Low–low",-1.82243546621779,0.0154,0.077,"Cold spot"
